{
	"code": 0,
    "list": [
        {
            "id": 1,
            "text": "江苏省"
        },
        {
            "id": 2,
            "text": "安徽省"
        },
        {
            "id": 3,
            "text": "山东省"
        },
        {
            "id": 4,
            "text": "浙江省"
        },
        {
            "id": 5,
            "text": "陕西省"
        },
        {
            "id": 6,
            "text": "湖南省"
        }
    ]
}